nm, %T
800.000000, 35.148498
799.700000, 35.113227
799.400000, 35.147096
799.100000, 35.179241
798.800000, 35.145446
798.500000, 35.185767
798.200000, 35.266702
797.900000, 35.248234
797.600000, 35.191954
797.300000, 35.106991
797.000000, 35.153465
796.700000, 35.164983
796.400000, 35.213651
796.100000, 35.199902
795.800000, 35.129996
795.500000, 35.103652
795.200000, 35.105297
794.900000, 35.149675
794.600000, 35.149640
794.300000, 35.109573
794.000000, 35.077686
793.700000, 35.062947
793.400000, 35.049216
793.100000, 35.022183
792.800000, 34.987700
792.500000, 34.999977
792.200000, 35.066159
791.900000, 35.052836
791.600000, 35.033496
791.300000, 35.042132
791.000000, 35.116820
790.700000, 35.075614
790.400000, 35.033793
790.100000, 35.012161
789.800000, 35.036045
789.500000, 35.038563
789.200000, 35.031849
788.900000, 34.985763
788.600000, 35.006028
788.300000, 35.011444
788.000000, 35.029242
787.700000, 35.028232
787.400000, 35.032591
787.100000, 35.056837
786.800000, 35.041346
786.500000, 35.008651
786.200000, 35.007412
785.900000, 34.987034
785.600000, 34.930540
785.300000, 34.952698
785.000000, 34.977221
784.700000, 34.946540
784.400000, 34.965235
784.100000, 34.983244
783.800000, 35.023258
783.500000, 34.999631
783.200000, 34.957614
782.900000, 34.933019
782.600000, 34.948087
782.300000, 34.918821
782.000000, 34.945715
781.700000, 34.968983
781.400000, 34.986024
781.100000, 34.935466
780.800000, 34.883462
780.500000, 34.877021
780.200000, 34.911537
779.900000, 34.939465
779.600000, 34.908946
779.300000, 34.901187
779.000000, 34.894040
778.700000, 34.937126
778.400000, 35.000536
778.100000, 35.064976
777.800000, 35.052591
777.500000, 35.020455
777.200000, 35.003563
776.900000, 35.004699
776.600000, 35.039585
776.300000, 35.007292
776.000000, 34.976060
775.700000, 34.969881
775.400000, 34.979045
775.100000, 34.995468
774.800000, 35.015284
774.500000, 35.062731
774.200000, 35.082806
773.900000, 35.087296
773.600000, 35.102603
773.300000, 35.158760
773.000000, 35.222269
772.700000, 35.263744
772.400000, 35.221392
772.100000, 35.163865
771.800000, 35.220866
771.500000, 35.269422
771.200000, 35.222708
770.900000, 35.251632
770.600000, 35.274808
770.300000, 35.270285
770.000000, 35.193759
769.700000, 35.149721
769.400000, 35.143768
769.100000, 35.181251
768.800000, 35.215094
768.500000, 35.196428
768.200000, 35.172695
767.900000, 35.176429
767.600000, 35.194874
767.300000, 35.216173
767.000000, 35.273558
766.700000, 35.291841
766.400000, 35.224917
766.100000, 35.281068
765.800000, 35.358603
765.500000, 35.379841
765.200000, 35.422517
764.900000, 35.444662
764.600000, 35.501533
764.300000, 35.623920
764.000000, 35.636580
763.700000, 35.553658
763.400000, 35.443895
763.100000, 35.436913
762.800000, 35.441709
762.500000, 35.507898
762.200000, 35.513812
761.900000, 35.466468
761.600000, 35.370260
761.300000, 35.322077
761.000000, 35.403241
760.700000, 35.440790
760.400000, 35.414818
760.100000, 35.437011
759.800000, 35.517236
759.500000, 35.569938
759.200000, 35.516165
758.900000, 35.469804
758.600000, 35.509410
758.300000, 35.541092
758.000000, 35.608788
757.700000, 35.726236
757.400000, 35.815280
757.100000, 35.811842
756.800000, 35.770050
756.500000, 35.691339
756.200000, 35.669697
755.900000, 35.765892
755.600000, 35.850425
755.300000, 35.882717
755.000000, 35.870168
754.700000, 35.890221
754.400000, 35.920389
754.100000, 35.972300
753.800000, 36.058814
753.500000, 36.057275
753.200000, 35.959760
752.900000, 35.905741
752.600000, 35.911869
752.300000, 35.932271
752.000000, 35.908758
751.700000, 35.842324
751.400000, 35.801529
751.100000, 35.802256
750.800000, 35.836529
750.500000, 35.849948
750.200000, 35.873789
749.900000, 35.923438
749.600000, 35.926243
749.300000, 35.893341
749.000000, 35.860257
748.700000, 35.846163
748.400000, 35.833342
748.100000, 35.813658
747.800000, 35.800274
747.500000, 35.789561
747.200000, 35.771421
746.900000, 35.762047
746.600000, 35.758557
746.300000, 35.723381
746.000000, 35.706229
745.700000, 35.724333
745.400000, 35.755294
745.100000, 35.742315
744.800000, 35.678068
744.500000, 35.682386
744.200000, 35.754306
743.900000, 35.785756
743.600000, 35.791565
743.300000, 35.770987
743.000000, 35.725563
742.700000, 35.711765
742.400000, 35.732348
742.100000, 35.746288
741.800000, 35.766723
741.500000, 35.814746
741.200000, 35.847322
740.900000, 35.839196
740.600000, 35.854175
740.300000, 35.901172
740.000000, 35.850510
739.700000, 35.791836
739.400000, 35.799996
739.100000, 35.780784
738.800000, 35.755595
738.500000, 35.743036
738.200000, 35.725223
737.900000, 35.707189
737.600000, 35.675611
737.300000, 35.646189
737.000000, 35.643795
736.700000, 35.638625
736.400000, 35.631124
736.100000, 35.632823
735.800000, 35.650866
735.500000, 35.659344
735.200000, 35.661620
734.900000, 35.650954
734.600000, 35.622957
734.300000, 35.621897
734.000000, 35.637909
733.700000, 35.650567
733.400000, 35.652057
733.100000, 35.636042
732.800000, 35.639298
732.500000, 35.664715
732.200000, 35.692352
731.900000, 35.697698
731.600000, 35.696215
731.300000, 35.652932
731.000000, 35.595603
730.700000, 35.586361
730.400000, 35.622041
730.100000, 35.642004
729.800000, 35.614378
729.500000, 35.601134
729.200000, 35.572745
728.900000, 35.558077
728.600000, 35.565218
728.300000, 35.581611
728.000000, 35.560023
727.700000, 35.488452
727.400000, 35.452358
727.100000, 35.465549
726.800000, 35.452705
726.500000, 35.452008
726.200000, 35.468620
725.900000, 35.472268
725.600000, 35.472399
725.300000, 35.439483
725.000000, 35.409325
724.700000, 35.439338
724.400000, 35.478410
724.100000, 35.503535
723.800000, 35.505901
723.500000, 35.490266
723.200000, 35.475199
722.900000, 35.472430
722.600000, 35.487411
722.300000, 35.493411
722.000000, 35.466867
721.700000, 35.450279
721.400000, 35.453445
721.100000, 35.417675
720.800000, 35.402579
720.500000, 35.460085
720.200000, 35.482311
719.900000, 35.494189
719.600000, 35.465587
719.300000, 35.427601
719.000000, 35.426475
718.700000, 35.422288
718.400000, 35.387002
718.100000, 35.345681
717.800000, 35.313157
717.500000, 35.306454
717.200000, 35.320460
716.900000, 35.334045
716.600000, 35.356366
716.300000, 35.355946
716.000000, 35.339107
715.700000, 35.344460
715.400000, 35.355099
715.100000, 35.354133
714.800000, 35.392940
714.500000, 35.417975
714.200000, 35.349021
713.900000, 35.284923
713.600000, 35.292588
713.300000, 35.291819
713.000000, 35.282227
712.700000, 35.300407
712.400000, 35.342336
712.100000, 35.337941
711.800000, 35.312104
711.500000, 35.266633
711.200000, 35.257232
710.900000, 35.278896
710.600000, 35.275088
710.300000, 35.242057
710.000000, 35.180114
709.700000, 35.156619
709.400000, 35.199176
709.100000, 35.210747
708.800000, 35.183108
708.500000, 35.179104
708.200000, 35.186152
707.900000, 35.211799
707.600000, 35.201128
707.300000, 35.200805
707.000000, 35.218691
706.700000, 35.231375
706.400000, 35.213869
706.100000, 35.230320
705.800000, 35.247214
705.500000, 35.263968
705.200000, 35.249709
704.900000, 35.278235
704.600000, 35.287641
704.300000, 35.281059
704.000000, 35.241069
703.700000, 35.233926
703.400000, 35.214707
703.100000, 35.263498
702.800000, 35.243035
702.500000, 35.260272
702.200000, 35.206558
701.900000, 35.159192
701.600000, 35.181996
701.300000, 35.183225
701.000000, 35.198506
700.700000, 35.186726
700.400000, 35.172466
700.100000, 35.196743
699.800000, 35.194786
699.500000, 35.175647
699.200000, 35.185899
698.900000, 35.232199
698.600000, 35.264318
698.300000, 35.262584
698.000000, 35.192317
697.700000, 35.188086
697.400000, 35.180172
697.100000, 35.202626
696.800000, 35.193687
696.500000, 35.189827
696.200000, 35.186288
695.900000, 35.150340
695.600000, 35.150883
695.300000, 35.150126
695.000000, 35.176094
694.700000, 35.177957
694.400000, 35.185056
694.100000, 35.152722
693.800000, 35.154202
693.500000, 35.150163
693.200000, 35.148849
692.900000, 35.148006
692.600000, 35.169181
692.300000, 35.200080
692.000000, 35.180226
691.700000, 35.194791
691.400000, 35.210563
691.100000, 35.235260
690.800000, 35.215593
690.500000, 35.194010
690.200000, 35.112897
689.900000, 35.098545
689.600000, 35.060411
689.300000, 35.050252
689.000000, 35.024217
688.700000, 34.989638
688.400000, 34.914426
688.100000, 34.850344
687.800000, 34.795409
687.500000, 34.760033
687.200000, 34.757827
686.900000, 34.810515
686.600000, 34.860462
686.300000, 34.904021
686.000000, 34.913291
685.700000, 34.959181
685.400000, 34.970207
685.100000, 34.984028
684.800000, 35.001648
684.500000, 34.999745
684.200000, 34.996670
683.900000, 34.975325
683.600000, 34.968435
683.300000, 34.960501
683.000000, 34.915409
682.700000, 34.896799
682.400000, 34.888291
682.100000, 34.865776
681.800000, 34.829069
681.500000, 34.802881
681.200000, 34.809555
680.900000, 34.799295
680.600000, 34.848707
680.300000, 34.855524
680.000000, 34.846294
679.700000, 34.832795
679.400000, 34.833973
679.100000, 34.828375
678.800000, 34.855662
678.500000, 34.895637
678.200000, 34.887188
677.900000, 34.882324
677.600000, 34.857421
677.300000, 34.893766
677.000000, 34.910473
676.700000, 34.911829
676.400000, 34.906845
676.100000, 34.894451
675.800000, 34.877513
675.500000, 34.856980
675.200000, 34.861961
674.900000, 34.879520
674.600000, 34.889915
674.300000, 34.900469
674.000000, 34.876143
673.700000, 34.894353
673.400000, 34.903990
673.100000, 34.908982
672.800000, 34.929440
672.500000, 34.902911
672.200000, 34.871402
671.900000, 34.861032
671.600000, 34.872868
671.300000, 34.899542
671.000000, 34.886659
670.700000, 34.887023
670.400000, 34.899283
670.100000, 34.913395
669.800000, 34.940767
669.500000, 34.956255
669.200000, 34.956515
668.900000, 34.980307
668.600000, 34.967553
668.300000, 34.929593
668.000000, 34.953638
667.700000, 34.985906
667.400000, 34.966744
667.100000, 34.948532
666.800000, 34.971069
666.500000, 34.986308
666.200000, 35.004381
665.900000, 34.978345
665.600000, 34.952519
665.300000, 34.986206
665.000000, 34.996942
664.700000, 34.986324
664.400000, 34.978730
664.100000, 34.995444
663.800000, 34.991351
663.500000, 35.001722
663.200000, 35.000921
662.900000, 35.004115
662.600000, 35.028767
662.300000, 35.044588
662.000000, 35.027443
661.700000, 35.036680
661.400000, 35.052625
661.100000, 35.040627
660.800000, 34.987410
660.500000, 35.000800
660.200000, 34.993263
659.900000, 35.010844
659.600000, 35.031885
659.300000, 35.042070
659.000000, 35.030917
658.700000, 35.054099
658.400000, 35.038667
658.100000, 35.024427
657.800000, 35.043856
657.500000, 35.050006
657.200000, 35.025467
656.900000, 35.053639
656.600000, 35.050129
656.300000, 35.065337
656.000000, 35.075207
655.700000, 35.084209
655.400000, 35.058591
655.100000, 35.030418
654.800000, 35.086651
654.500000, 35.114601
654.200000, 35.044977
653.900000, 35.050207
653.600000, 35.104658
653.300000, 35.120560
653.000000, 35.131053
652.700000, 35.111928
652.400000, 35.133169
652.100000, 35.123299
651.800000, 35.106186
651.500000, 35.094556
651.200000, 35.080213
650.900000, 35.128049
650.600000, 35.120927
650.300000, 35.108682
650.000000, 35.112995
649.700000, 35.128325
649.400000, 35.121359
649.100000, 35.108063
648.800000, 35.094599
648.500000, 35.101501
648.200000, 35.094273
647.900000, 35.132513
647.600000, 35.181044
647.300000, 35.202549
647.000000, 35.224781
646.700000, 35.196737
646.400000, 35.188443
646.100000, 35.174558
645.800000, 35.180042
645.500000, 35.203757
645.200000, 35.229908
644.900000, 35.249634
644.600000, 35.266543
644.300000, 35.242735
644.000000, 35.232480
643.700000, 35.227599
643.400000, 35.236758
643.100000, 35.226821
642.800000, 35.249604
642.500000, 35.266125
642.200000, 35.249697
641.900000, 35.242734
641.600000, 35.250484
641.300000, 35.272521
641.000000, 35.277166
640.700000, 35.263024
640.400000, 35.269094
640.100000, 35.280524
639.800000, 35.276367
639.500000, 35.308922
639.200000, 35.332888
638.900000, 35.330068
638.600000, 35.314946
638.300000, 35.296214
638.000000, 35.288487
637.700000, 35.292803
637.400000, 35.275749
637.100000, 35.263045
636.800000, 35.248168
636.500000, 35.239340
636.200000, 35.267545
635.900000, 35.308640
635.600000, 35.328322
635.300000, 35.351940
635.000000, 35.350632
634.700000, 35.362050
634.400000, 35.378700
634.100000, 35.400290
633.800000, 35.424997
633.500000, 35.432796
633.200000, 35.422034
632.900000, 35.433247
632.600000, 35.459245
632.300000, 35.476592
632.000000, 35.475691
631.700000, 35.458528
631.400000, 35.437676
631.100000, 35.447383
630.800000, 35.449855
630.500000, 35.444301
630.200000, 35.453480
629.900000, 35.444367
629.600000, 35.415149
629.300000, 35.399898
629.000000, 35.413298
628.700000, 35.425864
628.400000, 35.433836
628.100000, 35.447301
627.800000, 35.452615
627.500000, 35.461266
627.200000, 35.456252
626.900000, 35.445623
626.600000, 35.456562
626.300000, 35.467116
626.000000, 35.480063
625.700000, 35.472105
625.400000, 35.483215
625.100000, 35.495452
624.800000, 35.513167
624.500000, 35.507799
624.200000, 35.495354
623.900000, 35.510907
623.600000, 35.512187
623.300000, 35.501828
623.000000, 35.510305
622.700000, 35.517817
622.400000, 35.494964
622.100000, 35.475584
621.800000, 35.496199
621.500000, 35.517844
621.200000, 35.533255
620.900000, 35.542550
620.600000, 35.555715
620.300000, 35.569159
620.000000, 35.553924
619.700000, 35.551285
619.400000, 35.564026
619.100000, 35.591170
618.800000, 35.586396
618.500000, 35.581152
618.200000, 35.600895
617.900000, 35.594750
617.600000, 35.589625
617.300000, 35.611897
617.000000, 35.644854
616.700000, 35.676226
616.400000, 35.662214
616.100000, 35.611000
615.800000, 35.601402
615.500000, 35.627446
615.200000, 35.650091
614.900000, 35.651953
614.600000, 35.644206
614.300000, 35.639216
614.000000, 35.633064
613.700000, 35.633334
613.400000, 35.635946
613.100000, 35.640207
612.800000, 35.622048
612.500000, 35.591285
612.200000, 35.601315
611.900000, 35.623803
611.600000, 35.643568
611.300000, 35.657551
611.000000, 35.664508
610.700000, 35.684253
610.400000, 35.703483
610.100000, 35.714671
609.800000, 35.680371
609.500000, 35.646280
609.200000, 35.655847
608.900000, 35.689106
608.600000, 35.725285
608.300000, 35.777066
608.000000, 35.811235
607.700000, 35.790966
607.400000, 35.757064
607.100000, 35.757571
606.800000, 35.751118
606.500000, 35.757510
606.200000, 35.763293
605.900000, 35.742242
605.600000, 35.750856
605.300000, 35.762000
605.000000, 35.765471
604.700000, 35.776653
604.400000, 35.776599
604.100000, 35.765059
603.800000, 35.753816
603.500000, 35.751698
603.200000, 35.733304
602.900000, 35.743874
602.600000, 35.755143
602.300000, 35.760583
602.000000, 35.773990
601.700000, 35.781578
601.400000, 35.769913
601.100000, 35.758333
600.800000, 35.772749
600.500000, 35.794749
600.200000, 35.801995
599.900000, 35.821802
599.600000, 35.805208
599.300000, 35.780021
599.000000, 35.758373
598.700000, 35.763787
598.400000, 35.784839
598.100000, 35.806860
597.800000, 35.819337
597.500000, 35.842078
597.200000, 35.846967
596.900000, 35.840488
596.600000, 35.831890
596.300000, 35.820174
596.000000, 35.817282
595.700000, 35.849492
595.400000, 35.880579
595.100000, 35.902601
594.800000, 35.918118
594.500000, 35.921437
594.200000, 35.922564
593.900000, 35.902482
593.600000, 35.895348
593.300000, 35.867367
593.000000, 35.869556
592.700000, 35.886754
592.400000, 35.884590
592.100000, 35.887789
591.800000, 35.915305
591.500000, 35.920640
591.200000, 35.908546
590.900000, 35.921371
590.600000, 35.927067
590.300000, 35.923294
590.000000, 35.921514
589.700000, 35.943886
589.400000, 35.967584
589.100000, 35.981197
588.800000, 35.983020
588.500000, 35.980708
588.200000, 35.966447
587.900000, 35.959949
587.600000, 35.946697
587.300000, 35.938078
587.000000, 35.932217
586.700000, 35.906127
586.400000, 35.927333
586.100000, 35.931947
585.800000, 35.939943
585.500000, 35.972350
585.200000, 35.960551
584.900000, 35.973532
584.600000, 36.005201
584.300000, 35.978572
584.000000, 35.958175
583.700000, 35.970999
583.400000, 35.964814
583.100000, 35.996083
582.800000, 36.031089
582.500000, 36.042825
582.200000, 36.056472
581.900000, 36.048778
581.600000, 36.055647
581.300000, 36.034115
581.000000, 36.022468
580.700000, 36.045970
580.400000, 36.047481
580.100000, 36.065371
579.800000, 36.089061
579.500000, 36.085338
579.200000, 36.123304
578.900000, 36.132373
578.600000, 36.121545
578.300000, 36.083090
578.000000, 36.044481
577.700000, 36.035464
577.400000, 36.012979
577.100000, 36.017119
576.800000, 36.027330
576.500000, 36.069216
576.200000, 36.057043
575.900000, 36.050598
575.600000, 36.047682
575.300000, 36.046799
575.000000, 36.072163
574.700000, 36.062761
574.400000, 36.057931
574.100000, 36.084382
573.800000, 36.089379
573.500000, 36.093632
573.200000, 36.102094
572.900000, 36.103209
572.600000, 36.089604
572.300000, 36.061290
572.000000, 36.065964
571.700000, 36.088799
571.400000, 36.085212
571.100000, 36.103439
570.800000, 36.113118
570.500000, 36.116418
570.200000, 36.120515
569.900000, 36.144166
569.600000, 36.148315
569.300000, 36.169562
569.000000, 36.218431
568.700000, 36.214552
568.400000, 36.211433
568.100000, 36.192882
567.800000, 36.195043
567.500000, 36.202327
567.200000, 36.183372
566.900000, 36.171812
566.600000, 36.188465
566.300000, 36.217942
566.000000, 36.235675
565.700000, 36.241584
565.400000, 36.236287
565.100000, 36.263598
564.800000, 36.285426
564.500000, 36.288039
564.200000, 36.302556
563.900000, 36.289416
563.600000, 36.268749
563.300000, 36.287849
563.000000, 36.291164
562.700000, 36.295353
562.400000, 36.205284
562.100000, 36.182291
561.800000, 36.191423
561.500000, 36.206794
561.200000, 36.175468
560.900000, 36.188083
560.600000, 36.184011
560.300000, 36.250245
560.000000, 36.264149
559.700000, 36.251430
559.400000, 36.240237
559.100000, 36.226106
558.800000, 36.234976
558.500000, 36.249967
558.200000, 36.258090
557.900000, 36.276479
557.600000, 36.323333
557.300000, 36.308592
557.000000, 36.296326
556.700000, 36.318391
556.400000, 36.360323
556.100000, 36.356298
555.800000, 36.323008
555.500000, 36.335168
555.200000, 36.330552
554.900000, 36.360109
554.600000, 36.392715
554.300000, 36.401651
554.000000, 36.356933
553.700000, 36.347256
553.400000, 36.277154
553.100000, 36.328991
552.800000, 36.319775
552.500000, 36.375720
552.200000, 36.398600
551.900000, 36.378799
551.600000, 36.400369
551.300000, 36.357295
551.000000, 36.372096
550.700000, 36.357616
550.400000, 36.367102
550.100000, 36.367843
549.800000, 36.370203
549.500000, 36.370931
549.200000, 36.380665
548.900000, 36.421546
548.600000, 36.422933
548.300000, 36.439702
548.000000, 36.419326
547.700000, 36.462331
547.400000, 36.476952
547.100000, 36.512933
546.800000, 36.511870
546.500000, 36.525047
546.200000, 36.498149
545.900000, 36.488123
545.600000, 36.512233
545.300000, 36.519309
545.000000, 36.498092
544.700000, 36.486685
544.400000, 36.510816
544.100000, 36.494376
543.800000, 36.446531
543.500000, 36.474061
543.200000, 36.503078
542.900000, 36.516420
542.600000, 36.491235
542.300000, 36.463756
542.000000, 36.444478
541.700000, 36.427402
541.400000, 36.422080
541.100000, 36.424776
540.800000, 36.437786
540.500000, 36.446489
540.200000, 36.464162
539.900000, 36.448178
539.600000, 36.460928
539.300000, 36.472575
539.000000, 36.486536
538.700000, 36.482239
538.400000, 36.512107
538.100000, 36.531604
537.800000, 36.517509
537.500000, 36.499344
537.200000, 36.473149
536.900000, 36.461714
536.600000, 36.491495
536.300000, 36.506533
536.000000, 36.523664
535.700000, 36.528549
535.400000, 36.558293
535.100000, 36.550300
534.800000, 36.526866
534.500000, 36.506122
534.200000, 36.499423
533.900000, 36.524316
533.600000, 36.552992
533.300000, 36.545886
533.000000, 36.553421
532.700000, 36.559826
532.400000, 36.550294
532.100000, 36.530692
531.800000, 36.528404
531.500000, 36.556463
531.200000, 36.564591
530.900000, 36.580091
530.600000, 36.565921
530.300000, 36.564670
530.000000, 36.549820
529.700000, 36.550574
529.400000, 36.563739
529.100000, 36.554647
528.800000, 36.574038
528.500000, 36.617078
528.200000, 36.614022
527.900000, 36.635424
527.600000, 36.622437
527.300000, 36.607708
527.000000, 36.614333
526.700000, 36.590279
526.400000, 36.570269
526.100000, 36.557379
525.800000, 36.545211
525.500000, 36.577744
525.200000, 36.610762
524.900000, 36.602950
524.600000, 36.581638
524.300000, 36.577487
524.000000, 36.570392
523.700000, 36.571434
523.400000, 36.569450
523.100000, 36.545806
522.800000, 36.494988
522.500000, 36.456567
522.200000, 36.442605
521.900000, 36.462968
521.600000, 36.475751
521.300000, 36.502937
521.000000, 36.511609
520.700000, 36.485809
520.400000, 36.459170
520.100000, 36.472803
519.800000, 36.447933
519.500000, 36.442896
519.200000, 36.459747
518.900000, 36.457570
518.600000, 36.445043
518.300000, 36.453272
518.000000, 36.465798
517.700000, 36.434639
517.400000, 36.415191
517.100000, 36.392965
516.800000, 36.398527
516.500000, 36.394449
516.200000, 36.384682
515.900000, 36.372681
515.600000, 36.355142
515.300000, 36.362530
515.000000, 36.362422
514.700000, 36.339005
514.400000, 36.323187
514.100000, 36.303918
513.800000, 36.272002
513.500000, 36.247987
513.200000, 36.262992
512.900000, 36.262488
512.600000, 36.237495
512.300000, 36.203992
512.000000, 36.197796
511.700000, 36.203719
511.400000, 36.179438
511.100000, 36.175045
510.800000, 36.166777
510.500000, 36.139088
510.200000, 36.134784
509.900000, 36.129629
509.600000, 36.085487
509.300000, 36.040174
509.000000, 36.023734
508.700000, 36.043431
508.400000, 36.078799
508.100000, 36.071011
507.800000, 36.022099
507.500000, 36.024558
507.200000, 36.052595
506.900000, 36.079122
506.600000, 36.073853
506.300000, 36.061124
506.000000, 36.054399
505.700000, 36.041759
505.400000, 36.026887
505.100000, 36.011152
504.800000, 36.003717
504.500000, 36.009862
504.200000, 36.007467
503.900000, 35.982161
503.600000, 35.986393
503.300000, 36.020539
503.000000, 36.033839
502.700000, 35.993893
502.400000, 35.990380
502.100000, 36.006993
501.800000, 36.009657
501.500000, 35.994755
501.200000, 35.968595
500.900000, 35.950344
500.600000, 35.965738
500.300000, 35.998192
500.000000, 36.006839
499.700000, 36.001937
499.400000, 36.023991
499.100000, 36.032768
498.800000, 36.032438
498.500000, 36.017437
498.200000, 36.011674
497.900000, 36.056771
497.600000, 36.078096
497.300000, 36.076315
497.000000, 36.085594
496.700000, 36.083663
496.400000, 36.083725
496.100000, 36.072773
495.800000, 36.055923
495.500000, 36.037151
495.200000, 36.033894
494.900000, 36.059235
494.600000, 36.060623
494.300000, 36.014176
494.000000, 35.992817
493.700000, 35.997390
493.400000, 36.016073
493.100000, 36.032004
492.800000, 36.050227
492.500000, 36.070939
492.200000, 36.073194
491.900000, 36.058483
491.600000, 36.051275
491.300000, 36.052344
491.000000, 36.013596
490.700000, 35.978130
490.400000, 35.990690
490.100000, 36.012027
489.800000, 36.036528
489.500000, 36.062775
489.200000, 36.087336
488.900000, 36.079229
488.600000, 36.052830
488.300000, 36.043337
488.000000, 36.047945
487.700000, 36.053801
487.400000, 36.043132
487.100000, 36.064846
486.800000, 36.109854
486.500000, 36.138379
486.200000, 36.151145
485.900000, 36.153740
485.600000, 36.152554
485.300000, 36.124465
485.000000, 36.096968
484.700000, 36.071852
484.400000, 36.058269
484.100000, 36.042005
483.800000, 36.010892
483.500000, 35.986252
483.200000, 35.953912
482.900000, 35.927540
482.600000, 35.884242
482.300000, 35.851224
482.000000, 35.854258
481.700000, 35.863130
481.400000, 35.870042
481.100000, 35.903720
480.800000, 35.949607
480.500000, 35.984486
480.200000, 35.987076
479.900000, 35.980457
479.600000, 35.991237
479.300000, 36.048489
479.000000, 36.110437
478.700000, 36.176826
478.400000, 36.203556
478.100000, 36.204976
477.800000, 36.189771
477.500000, 36.199027
477.200000, 36.218802
476.900000, 36.242723
476.600000, 36.250240
476.300000, 36.218303
476.000000, 36.215036
475.700000, 36.223599
475.400000, 36.197297
475.100000, 36.150011
474.800000, 36.140313
474.500000, 36.145794
474.200000, 36.135693
473.900000, 36.138900
473.600000, 36.124958
473.300000, 36.105473
473.000000, 36.094659
472.700000, 36.079029
472.400000, 36.063074
472.100000, 36.059023
471.800000, 36.060968
471.500000, 36.069664
471.200000, 36.045279
470.900000, 36.033499
470.600000, 36.016076
470.300000, 35.996408
470.000000, 36.023577
469.700000, 36.057895
469.400000, 36.083930
469.100000, 36.080074
468.800000, 36.060057
468.500000, 36.053911
468.200000, 36.060112
467.900000, 36.070065
467.600000, 36.089905
467.300000, 36.111235
467.000000, 36.115484
466.700000, 36.115236
466.400000, 36.114534
466.100000, 36.111422
465.800000, 36.117059
465.500000, 36.123301
465.200000, 36.148479
464.900000, 36.156946
464.600000, 36.159973
464.300000, 36.153025
464.000000, 36.146457
463.700000, 36.162346
463.400000, 36.174832
463.100000, 36.190163
462.800000, 36.194316
462.500000, 36.223879
462.200000, 36.258966
461.900000, 36.280016
461.600000, 36.280613
461.300000, 36.280649
461.000000, 36.299375
460.700000, 36.327007
460.400000, 36.351369
460.100000, 36.341753
459.800000, 36.373946
459.500000, 36.371735
459.200000, 36.373774
458.900000, 36.350233
458.600000, 36.342332
458.300000, 36.341829
458.000000, 36.342423
457.700000, 36.339333
457.400000, 36.354765
457.100000, 36.334282
456.800000, 36.307243
456.500000, 36.320193
456.200000, 36.328532
455.900000, 36.301136
455.600000, 36.295882
455.300000, 36.290799
455.000000, 36.293548
454.700000, 36.277979
454.400000, 36.277546
454.100000, 36.316761
453.800000, 36.263590
453.500000, 36.241845
453.200000, 36.266079
452.900000, 36.291824
452.600000, 36.280453
452.300000, 36.273224
452.000000, 36.290023
451.700000, 36.297659
451.400000, 36.262595
451.100000, 36.221118
450.800000, 36.182921
450.500000, 36.150943
450.200000, 36.125785
449.900000, 36.130000
449.600000, 36.114815
449.300000, 36.108109
449.000000, 36.087480
448.700000, 36.066469
448.400000, 36.071886
448.100000, 36.065321
447.800000, 36.082897
447.500000, 36.066585
447.200000, 36.036139
446.900000, 35.996999
446.600000, 36.008072
446.300000, 35.990640
446.000000, 35.957184
445.700000, 35.918016
445.400000, 35.885073
445.100000, 35.843337
444.800000, 35.780524
444.500000, 35.710004
444.200000, 35.667909
443.900000, 35.564479
443.600000, 35.547471
443.300000, 35.618989
443.000000, 35.616503
442.700000, 35.583810
442.400000, 35.597576
442.100000, 35.580666
441.800000, 35.509065
441.500000, 35.478555
441.200000, 35.435883
440.900000, 35.405325
440.600000, 35.358947
440.300000, 35.383329
440.000000, 35.354919
439.700000, 35.336812
439.400000, 35.319261
439.100000, 35.375582
438.800000, 35.314922
438.500000, 35.211765
438.200000, 35.183080
437.900000, 35.191547
437.600000, 35.138624
437.300000, 35.120848
437.000000, 35.032878
436.700000, 35.090449
436.400000, 35.065247
436.100000, 35.016117
435.800000, 34.998162
435.500000, 34.953523
435.200000, 34.979091
434.900000, 35.000410
434.600000, 34.914980
434.300000, 34.862829
434.000000, 34.847890
433.700000, 34.806032
433.400000, 34.790446
433.100000, 34.803878
432.800000, 34.768867
432.500000, 34.731833
432.200000, 34.688690
431.900000, 34.642493
431.600000, 34.725046
431.300000, 34.682388
431.000000, 34.651038
430.700000, 34.555099
430.400000, 34.529188
430.100000, 34.469054
429.800000, 34.420216
429.500000, 34.415988
429.200000, 34.390732
428.900000, 34.337137
428.600000, 34.335919
428.300000, 34.308126
428.000000, 34.224236
427.700000, 34.143846
427.400000, 34.116447
427.100000, 34.145957
426.800000, 34.141339
426.500000, 34.099819
426.200000, 34.048764
425.900000, 34.047311
425.600000, 33.999274
425.300000, 33.951028
425.000000, 33.928959
424.700000, 33.889968
424.400000, 33.886247
424.100000, 33.878471
423.800000, 33.845554
423.500000, 33.788609
423.200000, 33.728652
422.900000, 33.698310
422.600000, 33.650989
422.300000, 33.590431
422.000000, 33.596999
421.700000, 33.605486
421.400000, 33.594404
421.100000, 33.574934
420.800000, 33.560858
420.500000, 33.547969
420.200000, 33.529683
419.900000, 33.497752
419.600000, 33.471476
419.300000, 33.484375
419.000000, 33.436420
418.700000, 33.378836
418.400000, 33.373255
418.100000, 33.360479
417.800000, 33.317448
417.500000, 33.285159
417.200000, 33.271645
416.900000, 33.262453
416.600000, 33.219324
416.300000, 33.208292
416.000000, 33.211074
415.700000, 33.150820
415.400000, 33.115084
415.100000, 33.095149
414.800000, 33.079504
414.500000, 33.062859
414.200000, 33.022350
413.900000, 32.980448
413.600000, 32.962818
413.300000, 32.954215
413.000000, 32.927366
412.700000, 32.892010
412.400000, 32.835095
412.100000, 32.807589
411.800000, 32.794944
411.500000, 32.797990
411.200000, 32.782270
410.900000, 32.701865
410.600000, 32.652749
410.300000, 32.617957
410.000000, 32.595206
409.700000, 32.583506
409.400000, 32.561368
409.100000, 32.542471
408.800000, 32.553694
408.500000, 32.531783
408.200000, 32.486370
407.900000, 32.456636
407.600000, 32.439174
407.300000, 32.433526
407.000000, 32.406943
406.700000, 32.391706
406.400000, 32.335476
406.100000, 32.299024
405.800000, 32.294355
405.500000, 32.249148
405.200000, 32.245239
404.900000, 32.216693
404.600000, 32.178750
404.300000, 32.141835
404.000000, 32.108240
403.700000, 32.107339
403.400000, 32.100113
403.100000, 32.079387
402.800000, 32.049894
402.500000, 32.033235
402.200000, 31.986860
401.900000, 31.933137
401.600000, 31.910904
401.300000, 31.883650
401.000000, 31.840306
400.700000, 31.807321
400.400000, 31.803362
400.100000, 31.798133
399.800000, 31.793156
399.500000, 31.696607
399.200000, 31.659596
398.900000, 31.645132
398.600000, 31.619322
398.300000, 31.599435
398.000000, 31.551936
397.700000, 31.535365
397.400000, 31.477579
397.100000, 31.430927
396.800000, 31.370480
396.500000, 31.343395
396.200000, 31.332005
395.900000, 31.309291
395.600000, 31.268234
395.300000, 31.245566
395.000000, 31.193729
394.700000, 31.134848
394.400000, 31.037528
394.100000, 30.971761
393.800000, 30.919491
393.500000, 30.844541
393.200000, 30.790500
392.900000, 30.736953
392.600000, 30.701306
392.300000, 30.634988
392.000000, 30.571251
391.700000, 30.528544
391.400000, 30.463942
391.100000, 30.395814
390.800000, 30.318670
390.500000, 30.241780
390.200000, 30.160359
389.900000, 30.118595
389.600000, 30.072289
389.300000, 30.003740
389.000000, 29.924850
388.700000, 29.843871
388.400000, 29.767378
388.100000, 29.687213
387.800000, 29.603291
387.500000, 29.530812
387.200000, 29.447293
386.900000, 29.372268
386.600000, 29.296339
386.300000, 29.217497
386.000000, 29.139935
385.700000, 29.040728
385.400000, 28.972328
385.100000, 28.898585
384.800000, 28.818837
384.500000, 28.720633
384.200000, 28.639438
383.900000, 28.554647
383.600000, 28.467763
383.300000, 28.412175
383.000000, 28.378431
382.700000, 28.322742
382.400000, 28.263684
382.100000, 28.193098
381.800000, 28.109778
381.500000, 28.021978
381.200000, 27.951296
380.900000, 27.890815
380.600000, 27.827152
380.300000, 27.761384
380.000000, 27.692892
379.700000, 27.614170
379.400000, 27.524991
379.100000, 27.119419
378.800000, 26.539318
378.500000, 26.507267
378.200000, 26.463037
377.900000, 26.400855
377.600000, 26.332420
377.300000, 26.282925
377.000000, 26.249075
376.700000, 26.218370
376.400000, 26.184608
376.100000, 26.129534
375.800000, 26.089259
375.500000, 26.057082
375.200000, 26.009762
374.900000, 25.970454
374.600000, 25.928491
374.300000, 25.882179
374.000000, 25.831234
373.700000, 25.776060
373.400000, 25.727219
373.100000, 25.668576
372.800000, 25.606049
372.500000, 25.558478
372.200000, 25.501460
371.900000, 25.455454
371.600000, 25.407412
371.300000, 25.339531
371.000000, 25.285747
370.700000, 25.238106
370.400000, 25.168763
370.100000, 25.111579
369.800000, 25.045885
369.500000, 24.966239
369.200000, 24.891586
368.900000, 24.810915
368.600000, 24.734569
368.300000, 24.659561
368.000000, 24.596588
367.700000, 24.520097
367.400000, 24.435626
367.100000, 24.369265
366.800000, 24.297456
366.500000, 24.227160
366.200000, 24.152536
365.900000, 24.086230
365.600000, 24.019913
365.300000, 23.944306
365.000000, 23.860462
364.700000, 23.780559
364.400000, 23.697143
364.100000, 23.600892
363.800000, 23.506776
363.500000, 23.407907
363.200000, 23.312620
362.900000, 23.230969
362.600000, 23.136010
362.300000, 23.015947
362.000000, 22.891855
361.700000, 22.783868
361.400000, 22.688311
361.100000, 22.587312
360.800000, 22.490133
360.500000, 22.404203
360.200000, 22.306301
359.900000, 22.194402
359.600000, 22.086993
359.300000, 21.985549
359.000000, 21.893117
358.700000, 21.812198
358.400000, 21.720690
358.100000, 21.622777
357.800000, 21.523738
357.500000, 21.416647
357.200000, 21.313624
356.900000, 21.217874
356.600000, 21.122500
356.300000, 21.021683
356.000000, 20.907074
355.700000, 20.774749
355.400000, 20.656644
355.100000, 20.569233
354.800000, 20.476732
354.500000, 20.361055
354.200000, 20.245571
353.900000, 20.137128
353.600000, 20.015830
353.300000, 19.906093
353.000000, 19.804385
352.700000, 19.700213
352.400000, 19.586895
352.100000, 19.455973
351.800000, 19.324501
351.500000, 19.203813
351.200000, 19.084563
350.900000, 18.958652
350.600000, 18.824412
350.300000, 18.686878
350.000000, 18.544636
349.700000, 18.409041
349.400000, 18.275270
349.100000, 18.132696
348.800000, 17.994154
348.500000, 17.849960
348.200000, 17.709770
347.900000, 17.576723
347.600000, 17.437809
347.300000, 17.300513
347.000000, 17.157999
346.700000, 17.013657
346.400000, 16.858829
346.100000, 16.698677
345.800000, 16.557026
345.500000, 16.418816
345.200000, 16.272755
344.900000, 16.144222
344.600000, 16.014398
344.300000, 15.881112
344.000000, 15.747001
343.700000, 15.622980
343.400000, 15.485922
343.100000, 15.344703
342.800000, 15.202729
342.500000, 15.078230
342.200000, 14.971590
341.900000, 14.853477
341.600000, 14.732356
341.300000, 14.615011
341.000000, 14.506050
340.700000, 14.387079
340.400000, 14.265264
340.100000, 14.152443
339.800000, 14.065328
339.500000, 13.970977
339.200000, 13.877508
338.900000, 13.777197
338.600000, 13.687668
338.300000, 13.607180
338.000000, 13.521730
337.700000, 13.441431
337.400000, 13.362809
337.100000, 13.282016
336.800000, 13.208684
336.500000, 13.143890
336.200000, 13.076424
335.900000, 13.010684
335.600000, 12.939099
335.300000, 12.880292
335.000000, 12.823424
334.700000, 12.770671
334.400000, 12.715606
334.100000, 12.671058
333.800000, 12.625209
333.500000, 12.587173
333.200000, 12.554304
332.900000, 12.520546
332.600000, 12.489263
332.300000, 12.474308
332.000000, 12.444308
331.700000, 12.414114
331.400000, 12.391516
331.100000, 12.369049
330.800000, 12.347205
330.500000, 12.333008
330.200000, 12.316397
329.900000, 12.299010
329.600000, 12.288175
329.300000, 12.279957
329.000000, 12.279878
328.700000, 12.271699
328.400000, 12.273630
328.100000, 12.277590
327.800000, 12.282628
327.500000, 12.275411
327.200000, 12.267417
326.900000, 12.262040
326.600000, 12.261866
326.300000, 12.263023
326.000000, 12.271909
325.700000, 12.275692
325.400000, 12.269541
325.100000, 12.276865
324.800000, 12.280997
324.500000, 12.281849
324.200000, 12.276394
323.900000, 12.281046
323.600000, 12.281177
323.300000, 12.276590
323.000000, 12.291665
322.700000, 12.285424
322.400000, 12.296383
322.100000, 12.311313
321.800000, 12.327463
321.500000, 12.346151
321.200000, 12.356627
320.900000, 12.363805
320.600000, 12.383132
320.300000, 12.380257
320.000000, 12.382334
319.700000, 12.407024
319.400000, 12.424775
319.100000, 12.069817
318.800000, 12.022965
318.500000, 12.038908
318.200000, 12.041515
317.900000, 12.046992
317.600000, 12.060140
317.300000, 12.081458
317.000000, 12.090531
316.700000, 12.103500
316.400000, 12.119217
316.100000, 12.125943
315.800000, 12.137455
315.500000, 12.134078
315.200000, 12.143899
314.900000, 12.145968
314.600000, 12.147897
314.300000, 12.129779
314.000000, 12.142813
313.700000, 12.149046
313.400000, 12.155698
313.100000, 12.143171
312.800000, 12.143099
312.500000, 12.129929
312.200000, 12.127479
311.900000, 12.112350
311.600000, 12.105362
311.300000, 12.098907
311.000000, 12.094465
310.700000, 12.080035
310.400000, 12.080029
310.100000, 12.071093
309.800000, 12.056167
309.500000, 12.035092
309.200000, 12.025127
308.900000, 11.997153
308.600000, 11.988489
308.300000, 11.968397
308.000000, 11.964117
307.700000, 11.937688
307.400000, 11.928839
307.100000, 11.908955
306.800000, 11.892391
306.500000, 11.880337
306.200000, 11.839267
305.900000, 11.822992
305.600000, 11.792379
305.300000, 11.769942
305.000000, 11.753656
304.700000, 11.720922
304.400000, 11.697800
304.100000, 11.674768
303.800000, 11.650084
303.500000, 11.625517
303.200000, 11.580593
302.900000, 11.551955
302.600000, 11.510757
302.300000, 11.465803
302.000000, 11.453242
301.700000, 11.423051
301.400000, 11.387201
301.100000, 11.342317
300.800000, 11.295198
300.500000, 11.261985
300.200000, 11.221402
299.900000, 11.168509
299.600000, 11.137700
299.300000, 11.091284
299.000000, 11.035080
298.700000, 10.990521
298.400000, 10.947722
298.100000, 10.901514
297.800000, 10.850751
297.500000, 10.789518
297.200000, 10.741504
296.900000, 10.675759
296.600000, 10.608524
296.300000, 10.544577
296.000000, 10.485870
295.700000, 10.425828
295.400000, 10.360121
295.100000, 10.301647
294.800000, 10.234858
294.500000, 10.164846
294.200000, 10.098723
293.900000, 10.025637
293.600000, 9.950524
293.300000, 9.878426
293.000000, 9.801601
292.700000, 9.736557
292.400000, 9.656462
292.100000, 9.578507
291.800000, 9.497825
291.500000, 9.417080
291.200000, 9.332726
290.900000, 9.249571
290.600000, 9.161056
290.300000, 9.074427
290.000000, 8.992094
289.700000, 8.893154
289.400000, 8.817850
289.100000, 8.741464
288.800000, 8.643754
288.500000, 8.543175
288.200000, 8.437811
287.900000, 8.345780
287.600000, 8.252274
287.300000, 8.144223
287.000000, 8.065816
286.700000, 7.961748
286.400000, 7.860867
286.100000, 7.751350
285.800000, 7.643346
285.500000, 7.546895
285.200000, 7.437918
284.900000, 7.327397
284.600000, 7.226555
284.300000, 7.116126
284.000000, 7.000208
283.700000, 6.891511
283.400000, 6.782720
283.100000, 6.670987
282.800000, 6.560278
282.500000, 6.453916
282.200000, 6.350152
281.900000, 6.249566
281.600000, 6.140955
281.300000, 6.028001
281.000000, 5.918825
280.700000, 5.815081
280.400000, 5.708871
280.100000, 5.604297
279.800000, 5.507486
279.500000, 5.408888
279.200000, 5.306660
278.900000, 5.211732
278.600000, 5.107994
278.300000, 5.002415
278.000000, 4.919112
277.700000, 4.811761
277.400000, 4.716094
277.100000, 4.625537
276.800000, 4.546392
276.500000, 4.477787
276.200000, 4.389738
275.900000, 4.288198
275.600000, 4.193044
275.300000, 4.100794
275.000000, 4.023067
274.700000, 3.934102
274.400000, 3.881453
274.100000, 3.813435
273.800000, 3.736335
273.500000, 3.661403
273.200000, 3.602248
272.900000, 3.514591
272.600000, 3.437351
272.300000, 3.377737
272.000000, 3.310901
271.700000, 3.274254
271.400000, 3.200505
271.100000, 3.113270
270.800000, 3.040186
270.500000, 2.971574
270.200000, 2.915789
269.900000, 2.870159
269.600000, 2.818184
269.300000, 2.749714
269.000000, 2.701952
268.700000, 2.642988
268.400000, 2.573795
268.100000, 2.524653
267.800000, 2.474214
267.500000, 2.415229
267.200000, 2.360569
266.900000, 2.308295
266.600000, 2.248278
266.300000, 2.188596
266.000000, 2.118864
265.700000, 2.047279
265.400000, 1.977582
265.100000, 1.898801
264.800000, 1.811840
264.500000, 1.730355
264.200000, 1.633649
263.900000, 1.538042
263.600000, 1.438058
263.300000, 1.336142
263.000000, 1.238980
262.700000, 1.149361
262.400000, 1.062694
262.100000, 0.987413
261.800000, 0.920893
261.500000, 0.875992
261.200000, 0.834336
260.900000, 0.797772
260.600000, 0.768045
260.300000, 0.737421
260.000000, 0.722078
259.700000, 0.714397
259.400000, 0.702343
259.100000, 0.683831
258.800000, 0.671905
258.500000, 0.662605
258.200000, 0.644811
257.900000, 0.633052
257.600000, 0.628090
257.300000, 0.603864
257.000000, 0.574014
256.700000, 0.560430
256.400000, 0.537159
256.100000, 0.510318
255.800000, 0.476527
255.500000, 0.444746
255.200000, 0.406906
254.900000, 0.368458
254.600000, 0.335759
254.300000, 0.286916
254.000000, 0.242395
253.700000, 0.194237
253.400000, 0.149892
253.100000, 0.111833
252.800000, 0.084363
252.500000, 0.053140
252.200000, 0.027230
251.900000, 0.010712
251.600000, -0.004512
251.300000, -0.021950
251.000000, -0.026668
250.700000, -0.037073
250.400000, -0.033971
250.100000, -0.041979
249.800000, -0.048529
249.500000, -0.048073
249.200000, -0.040988
248.900000, -0.045521
248.600000, -0.054147
248.300000, -0.061535
248.000000, -0.062220
247.700000, -0.064017
247.400000, -0.059226
247.100000, -0.063245
246.800000, -0.056969
246.500000, -0.052842
246.200000, -0.056007
245.900000, -0.058642
245.600000, -0.061875
245.300000, -0.062821
245.000000, -0.062915
244.700000, -0.065923
244.400000, -0.071286
244.100000, -0.066057
243.800000, -0.062510
243.500000, -0.063687
243.200000, -0.050246
242.900000, -0.047190
242.600000, -0.061297
242.300000, -0.067595
242.000000, -0.063566
241.700000, -0.060717
241.400000, -0.059687
241.100000, -0.053736
240.800000, -0.040942
240.500000, -0.040117
240.200000, -0.048246
239.900000, -0.049564
239.600000, -0.043440
239.300000, -0.039773
239.000000, -0.044477
238.700000, -0.038298
238.400000, -0.029606
238.100000, -0.035222
237.800000, -0.057360
237.500000, -0.064866
237.200000, -0.070500
236.900000, -0.064890
236.600000, -0.024956
236.300000, -0.037408
236.000000, -0.043312
235.700000, -0.020878
235.400000, -0.015884
235.100000, 0.054447
234.800000, 0.056873
234.500000, -0.029501
234.200000, -0.000310
233.900000, 0.040322
233.600000, 0.025736
233.300000, 0.021687
233.000000, -0.022279
232.700000, -0.036793
232.400000, -0.012978
232.100000, -0.025933
231.800000, -0.112244
231.500000, -0.095756
231.200000, -0.030145
230.900000, -0.048860
230.600000, -0.041157
230.300000, -0.045137
230.000000, -0.096650
229.700000, -0.039862
229.400000, -0.020533
229.100000, -0.054535
228.800000, -0.091264
228.500000, -0.090030
228.200000, -0.070128
227.900000, -0.067722
227.600000, -0.045994
227.300000, -0.059508
227.000000, -0.074855
226.700000, -0.065387
226.400000, -0.083606
226.100000, -0.078471
225.800000, -0.075808
225.500000, -0.077777
225.200000, -0.102010
224.900000, -0.090114
224.600000, -0.058007
224.300000, -0.051598
224.000000, -0.057965
223.700000, -0.053136
223.400000, -0.049842
223.100000, -0.062894
222.800000, -0.050152
222.500000, -0.042413
222.200000, -0.078501
221.900000, -0.068933
221.600000, -0.053854
221.300000, -0.042191
221.000000, -0.045630
220.700000, -0.031227
220.400000, -0.071644
220.100000, -0.110575
219.800000, -0.063874
219.500000, -0.075304
219.200000, -0.081866
218.900000, -0.062188
218.600000, -0.017018
218.300000, -0.051084
218.000000, -0.105073
217.700000, -0.157595
217.400000, -0.140039
217.100000, -0.086282
216.800000, -0.068067
216.500000, -0.022072
216.200000, -0.024490
215.900000, -0.023261
215.600000, -0.065389
215.300000, -0.127776
215.000000, -0.116324
214.700000, -0.078990
214.400000, -0.092593
214.100000, -0.013919
213.800000, 0.016535
213.500000, 0.046222
213.200000, -0.007884
212.900000, 0.004634
212.600000, 0.000428
212.300000, -0.046569
212.000000, 0.021694
211.700000, -0.019367
211.400000, -0.062809
211.100000, -0.139170
210.800000, -0.077097
210.500000, -0.008728
210.200000, -0.077669
209.900000, -0.071674
209.600000, -0.004120
209.300000, -0.048353
209.000000, -0.044010
208.700000, -0.086033
208.400000, -0.076117
208.100000, -0.053146
207.800000, -0.111463
207.500000, -0.060776
207.200000, -0.090646
206.900000, -0.126632
206.600000, -0.096293
206.300000, -0.091106
206.000000, -0.090915
205.700000, -0.099410
205.400000, -0.129978
205.100000, -0.121141
204.800000, -0.150150
204.500000, -0.090004
204.200000, -0.119882
203.900000, -0.123165
203.600000, -0.135390
203.300000, -0.115081
203.000000, -0.120364
202.700000, -0.135758
202.400000, -0.148230
202.100000, -0.161633
201.800000, -0.148685
201.500000, -0.135352
201.200000, -0.192732
200.900000, -0.172689
200.600000, -0.162963
200.300000, -0.156349
200.000000, -0.164530
